well,plate,treatment,day,plate_pos,broth_pos,censor,dead,bd1,bd2,il6,il8,vegf,sterile_d9_0
A1,1,E. coli,0,0,0,0,0,,,,,,0
B1,1,E. coli,0,0,0,0,0,,,,,,0
C1,1,E. coli,0,0,0,0,0,,,,,,0
D1,1,E. coli,0,0,0,0,0,,,,,,0
A2,1,E. coli,0,0,0,0,0,,,,,,0
B2,1,E. coli,0,0,0,0,0,,,,,,0
C2,1,E. coli,0,0,0,0,0,,,,,,0
D2,1,E. coli,0,0,0,0,0,,,,,,1
A3,1,E. coli,0,0,0,0,0,,,,,,0
B3,1,E. coli,0,0,0,0,0,,,,,,0
C3,1,E. coli,0,0,0,0,0,,,,,,0
D3,1,E. coli,0,0,0,0,0,,,,,,0
A4,1,E. coli,0,0,0,0,0,,,,,,1
B4,1,E. coli,0,0,0,0,0,,,,,,0
C4,1,E. coli,0,0,0,0,0,,,,,,0
D4,1,E. coli,0,0,0,0,0,,,,,,0
A5,1,E. coli,0,0,0,0,0,,,,,,0
B5,1,E. coli,0,0,0,0,0,,,,,,0
C5,1,E. coli,0,0,0,0,0,,,,,,0
D5,1,E. coli,0,0,0,0,0,,,,,,0
A6,1,E. coli,0,0,0,0,0,,,,,,0
B6,1,E. coli,0,0,0,0,0,,,,,,0
C6,1,E. coli,0,0,0,0,0,,,,,,0
D6,1,E. coli,0,0,0,0,0,,,,,,1
A1,2,E. coli,0,0,0,0,0,,,,,,1
B1,2,E. coli,0,0,0,0,0,,,,,,1
C1,2,E. coli,0,0,0,0,0,,,,,,1
D1,2,E. coli,0,0,0,0,0,,,,,,1
A2,2,E. coli,0,0,0,0,0,,,,,,0
B2,2,E. coli,0,0,0,0,0,,,,,,0
C2,2,E. coli,0,0,0,0,0,,,,,,1
D2,2,E. coli,0,0,0,0,0,,,,,,0
A3,2,E. coli,0,0,0,0,0,,,,,,1
B3,2,E. coli,0,0,0,0,0,,,,,,0
C3,2,E. coli,0,0,0,0,0,,,,,,0
D3,2,E. coli,0,0,0,0,0,,,,,,0
A4,2,E. coli,0,0,0,0,0,,,,,,0
B4,2,E. coli,0,0,0,0,0,,,,,,0
C4,2,E. coli,0,0,0,0,0,,,,,,0
D4,2,E. coli,0,0,0,0,0,,,,,,0
A5,2,E. coli,0,0,0,0,0,,,,,,1
B5,2,E. coli,0,0,0,0,0,,,,,,0
C5,2,E. coli,0,0,0,0,0,,,,,,0
D5,2,E. coli,0,0,0,0,0,,,,,,1
A6,2,E. coli,0,0,0,0,0,,,,,,0
B6,2,E. coli,0,0,0,0,0,,,,,,0
C6,2,E. coli,0,0,0,0,0,,,,,,0
D6,2,E. coli,0,0,0,0,0,,,,,,0
1,3,PBS,0,0,0,0,0,,,,,,0
2,3,PBS,0,0,0,0,0,,,,,,0
3,3,PBS,0,0,0,0,0,,,,,,0
4,3,PBS,0,0,0,0,0,,,,,,0
A1,1,E. coli,1,0,0,0,0,14.4,711.62,26.99,372.73,1154.22,0
B1,1,E. coli,1,0,0,0,0,38.01,260.14,12.58,863.88,340.55,0
C1,1,E. coli,1,0,0,0,0,10.3,260.14,1.12,382.91,387.6,0
D1,1,E. coli,1,0,0,0,0,17.69,469.62,0,170.05,182.38,0
A2,1,E. coli,1,0,0,0,0,28.98,432.82,1.92,249.1,428.91,0
B2,1,E. coli,1,0,0,0,0,3.89,29.74,10.29,796.84,106.19,0
C2,1,E. coli,1,0,0,0,0,8.16,299.45,7.69,267.46,476.22,0
D2,1,E. coli,1,0,0,0,0,23.36,960.25,8.01,767.19,637.52,1
A3,1,E. coli,1,0,0,0,0,4.46,435.73,29.74,1024.31,601.25,0
B3,1,E. coli,1,0,0,0,0,10.01,849.79,6.08,340.23,571.43,0
C3,1,E. coli,1,0,0,0,0,31.08,351.97,0.16,103.4,211.64,0
D3,1,E. coli,1,0,0,0,0,532.31,447.03,0.64,524.17,82.63,0
A4,1,E. coli,1,0,0,0,0,35.39,1172.28,100.96,1150.56,776.16,1
B4,1,E. coli,1,0,0,0,0,2.12,306.19,8.01,392.33,176.53,0
C4,1,E. coli,1,0,0,0,0,21.45,329.53,0,258.26,158.96,0
D4,1,E. coli,1,0,0,0,0,479.96,679.72,0.16,241.94,223.34,0
A5,1,E. coli,1,0,0,0,0,116.05,1546.95,30.08,5197.12,637.24,0
B5,1,E. coli,1,0,0,0,0,39.77,225.29,18.2,687.13,106.2,0
C5,1,E. coli,1,0,0,0,0,14.8,241.08,0.33,168.27,135.53,0
D5,1,E. coli,1,0,0,0,0,78.25,794.39,0,323.22,100.3,0
A6,1,E. coli,1,0,0,0,0,5.73,415.58,11.27,342.13,223.34,0
B6,1,E. coli,1,0,0,0,0,12.36,844.98,37.78,1024.16,252.6,0
C6,1,E. coli,1,0,0,0,0,6.62,319.59,3.83,209.28,217.49,0
D6,1,E. coli,1,0,0,0,0,21.17,568.51,2.87,260.12,229.19,1
A1,2,E. coli,1,0,0,0,0,236.15,1219.74,15.87,1495.12,299.47,1
B1,2,E. coli,1,0,0,0,0,4.94,367.49,6.72,353.55,199.94,1
C1,2,E. coli,1,0,0,0,0,3.33,789.51,52.24,1145.03,112.07,1
D1,2,E. coli,1,0,0,0,0,32.9,765.35,17.86,487.35,571.36,1
A2,2,E. coli,1,0,0,0,0,27.63,1572.36,78.33,1039.99,1016.06,0
B2,2,E. coli,1,0,0,0,0,11.58,268.29,6.72,221.88,393.49,0
C2,2,E. coli,1,0,0,0,0,6.18,639.87,4.15,355.47,317.06,1
D2,2,E. coli,1,0,0,0,0,6.17,1511.61,29.74,1953.08,364.06,0
A3,2,E. coli,1,0,0,0,0,585.38,2092.33,14.55,960.07,583.38,1
B3,2,E. coli,1,0,0,0,0,23.05,953.04,185.46,1391.59,565.39,0
C3,2,E. coli,1,0,0,0,0,20.57,525.38,21.55,220.09,464.36,0
D3,2,E. coli,1,0,0,0,0,5.18,233.26,6.08,256.41,205.79,0
A4,2,E. coli,1,0,0,0,0,26.32,624.8,1.92,105.14,452.54,0
B4,2,E. coli,1,0,0,0,0,10.08,921.81,12.58,2129.64,100.31,0
C4,2,E. coli,1,0,0,0,0,15.32,634.87,5.44,357.37,270.17,0
D4,2,E. coli,1,0,0,0,0,6.43,1039.9,122.85,2367.08,287.75,0
A5,2,E. coli,1,0,0,0,0,18.42,397.83,68.5,3378.04,387.62,1
B5,2,E. coli,1,0,0,0,0,5.06,1290.71,24.94,1633.13,223.34,0
C5,2,E. coli,1,0,0,0,0,6.17,497.03,3.19,117.34,170.68,0
D5,2,E. coli,1,0,0,0,0,24.18,196.66,90.08,851.49,1429.32,1
A6,2,E. coli,1,0,0,0,0,8.51,355.12,0.64,186.03,511.81,0
B6,2,E. coli,1,0,0,0,0,53.72,475.13,13.23,4252.34,217.49,0
C6,2,E. coli,1,0,0,0,0,13.24,438.67,88.85,1090.25,703.49,0
D6,2,E. coli,1,0,0,0,0,2.68,1091.02,201.15,2357.22,583.35,0
1,3,PBS,1,0,0,0,0,34.5,45.55,4.15,51.32,346.42,0
2,3,PBS,1,0,0,0,0,26.09,0,3.19,79.08,334.71,0
3,3,PBS,1,0,0,0,0,57.38,150.56,4.79,263.74,129.59,0
4,3,PBS,1,0,0,0,0,55.97,58.4,3.83,124.32,194.08,0
A1,1,E. coli,2,0,0,0,0,18.87,578.8,25.89,272.27,1622.2,0
B1,1,E. coli,2,0,0,0,0,48.03,0,15.22,704.1,543.39,0
C1,1,E. coli,2,0,0,0,0,29.61,211.95,1.48,238.08,384.1,0
D1,1,E. coli,2,0,0,0,0,67.27,336.9,5.43,220.19,851.2,0
A2,1,E. coli,2,0,0,0,0,19.72,0,2.04,57.45,615.84,0
B2,1,E. coli,2,0,0,0,0,7.04,0,17.56,633.67,158.06,0
C2,1,E. coli,2,0,0,0,0,22.19,159.36,4.02,175.97,520.85,0
D2,1,E. coli,2,0,0,0,0,28.69,596.84,22.01,398.81,678.23,1
A3,1,E. coli,2,0,0,0,0,13.45,300.91,41.6,2215.38,1095.44,0
B3,1,E. coli,2,0,0,0,0,28.17,770.44,10.86,527.53,1442.69,0
C3,1,E. coli,2,0,0,0,0,79.72,118.16,1.76,212.1,293.23,0
D3,1,E. coli,2,0,0,0,0,1568.13,200.75,2.32,645.5,188.83,0
A4,1,E. coli,2,0,0,0,0,78.43,2106.46,132.82,3175.19,1713.3,1
B4,1,E. coli,2,0,0,0,0,5.67,52.16,7.42,379.24,416.6,0
C4,1,E. coli,2,0,0,0,0,63.11,227.6,1.48,461.73,335.85,0
D4,1,E. coli,2,0,0,0,0,2250,862.83,2.32,949.1,422.03,0
A5,1,E. coli,2,0,0,0,0,415.38,1857.31,79.55,8631.7,1557.42,0
B5,1,E. coli,2,0,0,0,0,131.08,154.72,22.29,1676.45,341.13,0
C5,1,E. coli,2,0,0,0,0,50.63,0,2.89,435.84,335.77,0
D5,1,E. coli,2,0,0,0,0,413.8,1356.25,3.17,1701.68,245.9,0
A6,1,E. coli,2,0,0,0,0,22.04,218.74,42.23,676.31,649.73,0
B6,1,E. coli,2,0,0,0,0,37.03,728.53,57.41,3136.96,443.9,0
C6,1,E. coli,2,0,0,0,0,17.75,13.12,5.15,132.53,384.11,0
D6,1,E. coli,2,0,0,0,0,62.09,415.25,19.33,725.34,454.9,1
A1,2,E. coli,2,0,0,0,0,560,923.3,30.13,3090.97,543.06,1
B1,2,E. coli,2,0,0,0,0,13.19,194.02,42.86,1368.06,449.31,1
C1,2,E. coli,2,0,0,0,0,8.1,1386.38,136.12,1100.49,240.66,1
D1,2,E. coli,2,0,0,0,0,83.73,902.77,57.41,1346.21,1461.95,1
A2,2,E. coli,2,0,0,0,0,57.75,1305.66,143.56,1104.71,2041.54,0
B2,2,E. coli,2,0,0,0,0,38.45,0,20.8,286.2,822.02,0
C2,2,E. coli,2,1,0,0,0,20.59,330.59,7.42,711.12,839.62,1
D2,2,E. coli,2,0,0,0,0,5,1220.76,60.08,1647.6,787.84,0
A3,2,E. coli,2,0,0,0,0,728.34,3290.91,47.34,2197,1772.58,1
B3,2,E. coli,2,0,0,0,0,21.02,706.58,113.05,884.16,915.81,0
C3,2,E. coli,2,0,0,0,0,50.63,332.65,36.9,232.41,1168.31,0
D3,2,E. coli,2,0,0,0,0,11.4,10.28,7.71,205.37,543.06,0
A4,2,E. coli,2,0,0,0,0,70.13,462.22,4.3,114.31,1329.36,0
B4,2,E. coli,2,0,0,0,0,26.75,1708.6,115.76,4042.24,256.36,0
C4,2,E. coli,2,0,0,0,0,39.55,303.22,8.85,377.77,565.35,0
D4,2,E. coli,2,0,0,0,0,11.42,672.68,69.63,2008.4,482.21,0
A5,2,E. coli,2,0,0,0,0,49.42,419.46,111.51,5524.63,927.63,1
B5,2,E. coli,2,0,0,0,0,19.01,1267.15,87.73,4890.16,261.69,0
C5,2,E. coli,2,0,0,0,0,23.38,332.58,3.17,114.3,570.98,0
D5,2,E. coli,2,0,0,0,0,55.39,175.73,99.8,1150.76,2453.75,1
A6,2,E. coli,2,0,0,0,0,21.9,202.48,1.76,88.41,1101.55,0
B6,2,E. coli,2,0,0,0,0,112.78,207.57,46.37,6191.25,869.11,0
C6,2,E. coli,2,0,0,0,0,50.63,429.69,92.44,1348.43,1674.03,0
D6,2,E. coli,2,0,0,0,0,6.7,1016.56,164.23,2379.46,1436,0
1,3,PBS,2,0,0,0,0,117.44,0,1.2,157.48,194.73,0
2,3,PBS,2,0,0,0,0,89.31,0,1.2,279.21,147.88,0
3,3,PBS,2,0,0,0,0,58.41,0,1.76,63.9,449.31,0
4,3,PBS,2,0,0,0,0,62.44,0,1.76,126.01,482.21,0
A1,1,E. coli,3,0,0,0,0,14.37,225.35,39.71,268.62,1753.81,0
B1,1,E. coli,3,0,0,0,0,44.16,0,39.71,939.97,678.13,0
C1,1,E. coli,3,0,0,0,0,27.22,0,2.89,97.45,752.62,0
D1,1,E. coli,3,0,0,0,0,29.12,29.72,2.6,153.5,449.29,0
A2,1,E. coli,3,0,0,0,0,80.23,194.02,12.31,280.62,1385.47,0
B2,1,E. coli,3,0,0,0,0,7.16,0,70.53,638.85,261.88,0
C2,1,E. coli,3,0,0,0,0,23.83,0,2.6,72.92,781.41,0
D2,1,E. coli,3,0,0,0,0,11.66,449.76,9.72,968,632.88,1
A3,1,E. coli,3,0,0,0,0,9.18,112.83,50.54,1781.36,1156.04,0
B3,1,E. coli,3,0,0,0,0,16.11,240.78,14.92,276.43,1248.2,0
C3,1,E. coli,3,0,0,0,0,60.62,0,1.76,276.43,261.61,0
D3,1,E. coli,3,0,0,0,0,1798.11,177.89,4.86,1370.52,235.49,0
A4,1,E. coli,3,0,0,0,0,57.11,2010.22,746.36,5500.3,1792.58,1
B4,1,E. coli,3,0,0,0,0,5.22,0,20.51,355.98,554.26,0
C4,1,E. coli,3,0,0,0,0,25.97,0,1.2,244.7,303.83,0
D4,1,E. coli,3,0,0,0,0,2032.93,498.36,2.89,1380.44,319.82,0
A5,1,E. coli,3,0,0,0,0,327.88,916.93,187.22,10503.05,2192.8,0
B5,1,E. coli,3,0,0,0,0,138.88,95.58,46.68,1923.21,416.64,0
C5,1,E. coli,3,0,0,0,0,28.33,0,4.86,577.28,504.26,0
D5,1,E. coli,3,0,0,0,0,322.44,762.45,4.86,3240.68,293.39,0
A6,1,E. coli,3,0,0,0,0,19.87,113.54,129.99,1059.81,718.08,0
B6,1,E. coli,3,0,0,0,0,31.74,443.95,103.91,4756.95,587.8,0
C6,1,E. coli,3,0,0,0,0,14.1,0,4.02,67.76,422.03,0
D6,1,E. coli,3,1,1,0,1,20.03,236.39,26.79,597.01,335.85,1
A1,2,E. coli,3,0,0,0,0,449.04,544.79,138.97,4203.24,1041.2,1
B1,2,E. coli,3,0,1,0,1,6.93,134.02,85.94,1398.61,1052.94,1
C1,2,E. coli,3,1,1,0,1,5.67,1710.48,241.94,1089.64,314.48,1
D1,2,E. coli,3,1,0,0,0,52.88,712.56,212.27,3017.16,2200.02,1
A2,2,E. coli,3,0,0,0,0,54.78,786.45,287.73,1141.83,2855.91,0
B2,2,E. coli,3,0,0,0,0,36.33,165.64,138.57,851.78,1487.43,0
C2,2,E. coli,3,0,0,0,0,21.6,245.17,54.45,1066.3,1107.35,1
D2,2,E. coli,3,0,0,0,0,4.12,574.86,220.44,2363.92,1064.97,0
A3,2,E. coli,3,0,0,0,0,340.31,2439.44,434.19,3612.25,2547.29,1
B3,2,E. coli,3,0,0,0,0,20.59,336.84,233.01,1466.68,1310.47,0
C3,2,E. coli,3,0,0,0,0,44.37,168.25,87.39,194.63,1680.68,0
D3,2,E. coli,3,0,0,0,0,12.42,0,11.15,252.97,615.84,0
A4,2,E. coli,3,0,0,0,0,48.03,90.6,7.42,87.12,1733.44,0
B4,2,E. coli,3,0,0,0,0,28.01,564.83,328.86,4670.42,261.61,0
C4,2,E. coli,3,0,0,0,0,55.63,43.9,24.98,631.99,862.95,0
D4,2,E. coli,3,0,0,0,0,12.42,365.63,222.95,3603.52,482.3,0
A5,2,E. coli,3,0,0,0,0,60.83,365.81,181.66,6660.21,845.33,1
B5,2,E. coli,3,0,0,0,0,18.31,618.81,199.99,4308.96,460.29,0
C5,2,E. coli,3,0,0,0,0,21.31,81.2,2.6,85.83,735.3,0
D5,2,E. coli,3,0,0,0,0,72.82,995.86,566.12,3230.04,2969.43,1
A6,2,E. coli,3,0,0,0,0,25.82,31.83,1.76,61.32,1119.54,0
B6,2,E. coli,3,0,0,0,0,92.98,0,108.08,4765.36,998.98,0
C6,2,E. coli,3,0,0,0,0,62.63,269.04,124.39,1573.03,2076.28,0
D6,2,E. coli,3,0,0,0,0,8.34,556.83,207.27,1989.22,1311.62,0
1,3,PBS,3,0,0,0,0,68.78,0,0.92,128.63,587.86,0
2,3,PBS,3,0,0,0,0,139.21,0,2.32,622.03,256.37,0
3,3,PBS,3,0,0,0,0,78.66,0,2.04,135.16,781.39,0
4,3,PBS,3,0,0,0,0,278.7,0,1.2,593.84,384.29,0
A1,1,E. coli,4,0,0,0,0,16.73,312.15,124.89,607.99,3032.28,0
B1,1,E. coli,4,0,0,0,0,47.28,0,104.15,1455.2,1218.72,0
C1,1,E. coli,4,0,0,0,0,40.81,0,3.94,218.93,1530.2,0
D1,1,E. coli,4,0,0,0,0,28.6,0,4.31,205.87,646.39,0
A2,1,E. coli,4,0,0,0,0,115.3,196.18,34.94,601.14,2639.25,0
B2,1,E. coli,4,0,0,0,0,8.24,0,116.03,1041.72,519.74,0
C2,1,E. coli,4,0,0,0,0,25.68,110.23,4.31,134.43,1684.5,0
D2,1,E. coli,4,1,1,0,1,4.99,564.38,107.53,3217.69,608.11,1
A3,1,E. coli,4,0,0,0,0,8.55,173.64,179.25,2535.33,2015.44,0
B3,1,E. coli,4,0,0,0,0,19.39,414.11,86.91,492.08,2573.95,0
C3,1,E. coli,4,0,0,0,0,66.37,0,1.41,370.41,585.6,0
D3,1,E. coli,4,0,0,0,0,687.4,127.64,4.31,903.34,470.82,0
A4,1,E. coli,4,0,0,0,0,55.1,3668.45,2250,11250,3562.33,1
B4,1,E. coli,4,0,0,0,0,2.84,0,54.69,458.36,1310.89,0
C4,1,E. coli,4,0,0,0,0,15.91,0,0.34,192.94,493.02,0
D4,1,E. coli,4,0,0,0,0,2250,629.77,5.4,1722.32,669.27,0
A5,1,E. coli,4,0,0,0,0,287.27,589.44,163.19,9111.49,3434.8,0
B5,1,E. coli,4,0,0,0,0,77.08,41.5,49.47,1225.72,702.44,0
C5,1,E. coli,4,0,0,0,0,9.76,0,4.31,416.76,770.41,0
D5,1,E. coli,4,0,0,0,0,217.91,447.52,2.49,3258.56,280.89,0
A6,1,E. coli,4,0,0,0,0,15.75,170.99,301.63,1489.13,810.44,0
B6,1,E. coli,4,0,0,0,0,15.26,201.72,133.45,3531.22,920.34,0
C6,1,E. coli,4,0,0,0,0,8.7,0,4.67,96.96,503.28,0
D6,1,E. coli,4,1,1,0,1,35.7,340.47,5.4,169.14,250.19,1
A1,2,E. coli,4,0,0,0,0,407.86,295.44,147.63,4102.89,1305.1,1
B1,2,E. coli,4,1,1,0,1,3.84,115.58,131.06,2043.99,793.28,1
C1,2,E. coli,4,1,1,0,1,4.27,859.21,154.55,790.47,134.6,1
D1,2,E. coli,4,1,1,0,1,24.42,1437.1,237.44,4339.81,1479.53,1
A2,2,E. coli,4,0,0,0,0,46.39,475.58,662.49,2320.18,3508.7,0
B2,2,E. coli,4,0,0,0,0,12.39,0,167.78,466.67,1486.08,0
C2,2,E. coli,4,0,0,0,0,18.39,296.3,54.28,1027.33,2346.9,1
D2,2,E. coli,4,0,0,0,0,1.57,385.59,189.44,1458.79,1201.59,0
A3,2,E. coli,4,1,1,0,1,1275.54,3534.93,2250,11250,5087.77,1
B3,2,E. coli,4,0,0,0,0,14.61,261.74,453.94,2963.85,1536.65,0
C3,2,E. coli,4,0,0,0,0,30.29,64.64,182.45,402.44,2194.11,0
D3,2,E. coli,4,0,0,0,0,10.83,0,14.18,275.85,787.52,0
A4,2,E. coli,4,0,0,0,0,36.12,0,8.68,109.31,2151.73,0
B4,2,E. coli,4,0,0,0,0,22.48,612.18,399.94,3834.51,580.04,0
C4,2,E. coli,4,0,0,0,0,45.08,0,46.3,1013.9,1050.18,0
D4,2,E. coli,4,0,0,0,0,6.47,111.28,200.85,1916.83,1039.17,0
A5,2,E. coli,4,0,0,0,0,93.01,470.12,376.8,8891.68,1391.6,1
B5,2,E. coli,4,0,0,0,0,12.55,372.65,400.5,4844.5,764.71,0
C5,2,E. coli,4,0,0,0,0,18.89,0,2.86,134.43,1032.18,0
D5,2,E. coli,4,1,1,0,1,47.08,1198.02,740.5,4834.03,3514.06,1
A6,2,E. coli,4,0,0,0,0,22.84,0,2.86,88,1360.35,0
B6,2,E. coli,4,0,0,0,0,70.11,0,179.29,4921.23,1788.81,0
C6,2,E. coli,4,0,0,0,0,40.19,85.52,278.9,2098.93,2971.85,0
D6,2,E. coli,4,0,0,0,0,9.15,490.9,292.38,2223.85,2008.7,0
1,3,PBS,4,0,0,0,0,401.25,293.82,1.41,877.79,417.64,0
2,3,PBS,4,0,0,0,0,162.87,89.14,2.13,713.81,219.42,0
3,3,PBS,4,0,0,0,0,76.79,0,2.13,132.62,1194.37,0
4,3,PBS,4,0,0,0,0,56.3,0,0.68,93.27,327.5,0
A1,1,E. coli,5,0,0,0,0,14.46,126.72,478.93,2056.25,4190.1,0
B1,1,E. coli,5,0,0,0,0,47.5,0,223.39,2805.1,1988.45,0
C1,1,E. coli,5,0,0,0,0,31.62,0,18.63,275.81,3246.77,0
D1,1,E. coli,5,0,0,0,0,21.1,0,22,513.37,1188.35,0
A2,1,E. coli,5,0,0,0,0,124.85,367.47,110.05,1225.59,8142.51,0
B2,1,E. coli,5,0,0,0,0,5.87,0,148.57,1718.35,1523.86,0
C2,1,E. coli,5,0,0,0,0,31.04,8.02,22.38,416.76,2859.85,0
D2,1,E. coli,5,1,1,0,1,9.91,854.26,49.08,1085.11,327.64,1
A3,1,E. coli,5,0,0,0,0,13.34,108.27,500.65,5158.35,3443.43,0
B3,1,E. coli,5,0,0,0,0,16.24,280.36,265.41,1046.43,5013.69,0
C3,1,E. coli,5,0,0,0,0,44.43,0,5.76,472.94,1404,0
D3,1,E. coli,5,0,0,0,0,276.72,488.29,7.95,981.86,646.39,0
A4,1,E. coli,5,1,1,0,1,77.36,4141.12,2250,11250,3773.86,1
B4,1,E. coli,5,0,0,0,0,1.01,0,121.6,749.32,1841.61,0
C4,1,E. coli,5,0,0,0,0,5.72,0,4.67,310.67,787.52,0
D4,1,E. coli,5,0,0,0,0,1703.67,737.17,17.15,2410.17,1639.07,0
A5,1,E. coli,5,0,0,0,0,183.07,501.08,281.38,10265.83,5284.73,0
B5,1,E. coli,5,0,0,0,0,33.16,0,77.47,1432.24,984.86,0
C5,1,E. coli,5,0,0,0,0,7.05,0,9.41,1085.11,747.67,0
D5,1,E. coli,5,0,0,0,0,155.67,462.86,11.97,2978.63,1335.83,0
A6,1,E. coli,5,0,0,0,0,14.78,0,550.26,2626.74,1743.06,0
B6,1,E. coli,5,0,0,0,0,11.61,58.66,174.52,4189.06,1915.29,0
C6,1,E. coli,5,0,0,0,0,4.27,0,2.86,73.79,568.95,0
D6,1,E. coli,5,1,1,0,1,,,,,,1
A1,2,E. coli,5,0,0,0,0,529.74,234.51,449.56,7147.74,2221.04,1
B1,2,E. coli,5,1,1,0,1,46.29,859.21,23.5,382.15,380.18,1
C1,2,E. coli,5,1,1,0,1,,,,,,1
D1,2,E. coli,5,1,1,0,1,19.22,1223,35.33,2156.18,776.11,1
A2,2,E. coli,5,0,0,0,0,44.86,508.72,1223.33,4043.45,8592.13,0
B2,2,E. coli,5,0,0,0,0,4.85,0,595.39,1484.67,2304.31,0
C2,2,E. coli,5,0,0,0,0,11.45,309.78,291.73,2945.4,5124.43,1
D2,2,E. coli,5,0,0,0,0,1.71,254.47,249.4,1403.42,1988.44,0
A3,2,E. coli,5,1,1,0,1,328.42,3523.77,1781.45,10473.86,1775.72,1
B3,2,E. coli,5,0,0,0,0,13.65,239.78,735.94,5125.07,3772.58,0
C3,2,E. coli,5,0,0,0,0,35.72,124.62,395.68,1193.55,3954.44,0
D3,2,E. coli,5,0,0,0,0,9.61,0,36.49,447.8,1568.58,0
A4,2,E. coli,5,0,0,0,0,37.34,8.02,23.13,358.78,3739.59,0
B4,2,E. coli,5,0,0,0,0,22.31,442.34,454.77,5056.98,862.52,0
C4,2,E. coli,5,0,0,0,0,33.16,0,111.49,1629.74,3356.51,0
D4,2,E. coli,5,0,0,0,0,4.13,64.1,283.26,2522.4,2126.75,0
A5,2,E. coli,5,0,0,0,0,133.3,3523.77,315.95,9083.69,2354.23,1
B5,2,E. coli,5,0,0,0,0,9.15,239.78,546.09,5144.14,3838.09,0
C5,2,E. coli,5,0,0,0,0,15.75,124.62,13.81,314.57,2049.35,0
D5,2,E. coli,5,1,1,0,1,13.18,0,148.59,1507.37,2090.1,1
A6,2,E. coli,5,0,0,0,0,22.14,8.02,10.14,202.15,2733.91,0
B6,2,E. coli,5,0,0,0,0,39.37,442.34,270.43,5054.94,4624.85,0
C6,2,E. coli,5,0,0,0,0,36.51,0,797.63,3805.71,7264.29,0
D6,2,E. coli,5,0,0,0,0,12.39,64.1,787.05,3228.45,3293.57,0
1,3,PBS,5,0,0,0,0,794.72,571.94,2.86,1435.68,805.21,0
2,3,PBS,5,0,0,0,0,228.92,25.58,6.49,1413.18,270.51,0
3,3,PBS,5,0,0,0,0,85.4,0,5.03,156.18,1749.48,0
4,3,PBS,5,0,0,0,0,79.71,0,0.68,118.24,850.74,0
A1,1,E. coli,6,0,0,0,0,9.07,116.29,379.01,1364.12,3494.98,0
B1,1,E. coli,6,0,0,0,0,32.49,0,266.65,2707.83,3413.15,0
C1,1,E. coli,6,0,0,0,0,20.6,0,23.46,245.03,3744.31,0
D1,1,E. coli,6,0,0,0,0,8.19,0,23.46,381.08,1132,0
A2,1,E. coli,6,0,0,0,0,78.43,602.38,96.43,891.4,8448.84,0
B2,1,E. coli,6,0,0,0,0,6.17,0,126.07,2094.42,789.36,0
C2,1,E. coli,6,0,0,0,0,28.13,0,21.28,492.38,2662.39,0
D2,1,E. coli,6,1,1,0,1,,,,,,1
A3,1,E. coli,6,0,0,0,0,16.23,193.28,368.52,3869.12,4017.53,0
B3,1,E. coli,6,0,0,0,0,9.18,197.06,200.28,842.8,5057.77,0
C3,1,E. coli,6,0,0,0,0,19.94,0,5.58,448.95,1117.48,0
D3,1,E. coli,6,0,0,0,0,148.37,728.02,4.7,661.89,534.34,0
A4,1,E. coli,6,1,1,0,1,42.99,4059.27,2250,11250,1304.91,1
B4,1,E. coli,6,0,0,0,0,3.94,274.46,186.24,1500.09,1877,0
C4,1,E. coli,6,0,0,0,0,2.21,0,6.9,267.02,580.65,0
D4,1,E. coli,6,0,0,0,0,484.67,931.37,19.54,1899.9,1973.45,0
A5,1,E. coli,6,0,0,0,0,146.75,850.98,323.16,10041.05,5463.75,0
B5,1,E. coli,6,0,0,0,0,12.6,0,61.85,1218.32,1341.52,0
C5,1,E. coli,6,0,0,0,0,7.43,0,6.02,886.69,1290.35,0
D5,1,E. coli,6,0,0,0,0,67.72,1205.31,19.1,3099.04,1370.75,0
A6,1,E. coli,6,0,0,0,0,12.72,0,405.76,2569.07,3467.26,0
B6,1,E. coli,6,0,0,0,0,11.32,319.13,159.12,3805.29,2371.78,0
C6,1,E. coli,6,0,0,0,0,4.33,0,6.9,122.94,762.08,0
D6,1,E. coli,6,1,1,0,1,,,,,,1
A1,2,E. coli,6,1,1,0,1,212.21,946.79,390.55,6850.09,3092.1,1
B1,2,E. coli,6,1,1,0,1,,,,,,1
C1,2,E. coli,6,1,1,0,1,,,,,,1
D1,2,E. coli,6,1,1,0,1,,,,,,1
A2,2,E. coli,6,0,0,0,0,35.8,1060.58,835.46,3316.57,8406.43,0
B2,2,E. coli,6,0,0,0,0,1.93,0,302.67,622.97,1548.82,0
C2,2,E. coli,6,1,1,0,1,15.74,918.16,479.96,4537.9,4132.8,1
D2,2,E. coli,6,0,0,0,0,1.21,136.74,204.47,1534.94,1624.1,0
A3,2,E. coli,6,1,1,0,1,,,,,,1
B3,2,E. coli,6,0,0,0,0,4.94,63.1,490.45,2915.07,2738.56,0
C3,2,E. coli,6,0,0,0,0,12.37,226.69,339.72,941.38,2987.03,0
D3,2,E. coli,6,0,0,0,0,6.59,0,35.3,439.67,1838.44,0
A4,2,E. coli,6,0,0,0,0,13.91,0,20.41,204.81,2780.61,0
B4,2,E. coli,6,0,0,0,0,20.88,324.02,307,3047.79,858.02,0
C4,2,E. coli,6,0,0,0,0,19.17,0,114.83,1509.56,2789.09,0
D4,2,E. coli,6,0,0,0,0,2.59,0,148.23,1943.86,1692.38,0
A5,2,E. coli,6,0,0,0,0,50.62,0,339.72,7047.42,2746.51,1
B5,2,E. coli,6,0,0,0,0,8.08,0,324.72,3213.32,3837.28,0
C5,2,E. coli,6,0,0,0,0,10.52,0,23.89,386.48,2017.94,0
D5,2,E. coli,6,1,1,0,1,,,,,,1
A6,2,E. coli,6,0,0,0,0,4.83,0,18.67,198.09,1884.89,0
B6,2,E. coli,6,0,0,0,0,28.87,191.25,256.01,5051.88,2586.37,0
C6,2,E. coli,6,0,0,0,0,35.96,20.09,776.24,3381.39,6798.04,0
D6,2,E. coli,6,0,0,0,0,11.67,103,517.76,3058.35,4380.2,0
1,3,PBS,6,0,0,0,0,897.88,793.67,6.02,1201.89,789.57,0
2,3,PBS,6,0,0,0,0,237.95,41.94,12.14,1730.42,359.1,0
3,3,PBS,6,0,0,0,0,84.42,0,7.34,118.11,1348.73,0
4,3,PBS,6,0,0,0,0,71.1,0,3.36,126.17,607.16,0
A1,1,E. coli,7,,0,0,0,7.65,0,255.28,840.88,3476.3,0
B1,1,E. coli,7,,0,0,0,7.86,0,312.72,2138.65,4239.54,0
C1,1,E. coli,7,,0,0,0,21.27,0,35.3,291.09,3385.96,0
D1,1,E. coli,7,,0,0,0,2.49,0,19.97,206.39,1004.26,0
A2,1,E. coli,7,,0,0,0,59.43,404.39,135.98,1223.8,8846.89,0
B2,1,E. coli,7,,0,0,0,4.23,0,183.31,2117.82,1593.92,0
C2,1,E. coli,7,,0,0,0,31.72,0,34.42,657.65,4200.65,0
D2,1,E. coli,7,,1,0,1,,,,,,1
A3,1,E. coli,7,,0,0,0,15.25,41.94,278.12,2877.04,3450.26,0
B3,1,E. coli,7,,0,0,0,14.63,0,153.71,777.84,3734.31,0
C3,1,E. coli,7,,0,0,0,5.14,0,6.02,213.06,721.45,0
D3,1,E. coli,7,,0,0,0,41.94,400.6,9.97,435.96,560.71,0
A4,1,E. coli,7,,1,0,1,20.77,3030.25,1451.33,11250,468.74,1
B4,1,E. coli,7,,0,0,0,1.75,0,93.02,651.48,983.18,0
C4,1,E. coli,7,,0,0,0,1.21,0,3.81,92.4,314.31,0
D4,1,E. coli,7,,0,0,0,210.52,891.17,17.36,1634.64,1414.97,0
A5,1,E. coli,7,,0,0,0,130.73,538.17,346.48,9475.15,6348.26,0
B5,1,E. coli,7,,0,0,0,5.65,0,114.32,1818.81,1548.83,0
C5,1,E. coli,7,,0,0,0,11.78,0,9.53,1006.99,1232.34,0
D5,1,E. coli,7,,0,0,0,28.87,1196.28,26.08,2291.06,1254.02,0
A6,1,E. coli,7,,0,0,0,12.13,0,449.92,2126.16,3233.42,0
B6,1,E. coli,7,,0,0,0,8.63,136.74,192.61,3144.61,2961.07,0
C6,1,E. coli,7,,0,0,0,3.84,0,15.19,161.9,734.89,0
D6,1,E. coli,7,,1,0,1,,,,,,1
A1,2,E. coli,7,,1,0,1,352.92,1330.71,2250,11250,1769.57,1
B1,2,E. coli,7,,1,0,1,,,,,,1
C1,2,E. coli,7,,1,0,1,,,,,,1
D1,2,E. coli,7,,1,0,1,,,,,,1
A2,2,E. coli,7,,0,0,0,34.05,1127.33,1391.11,4657.3,10602.99,0
B2,2,E. coli,7,,0,0,0,1.84,0,386.43,477.16,1869.56,0
C2,2,E. coli,7,,1,0,1,12.84,891.52,217.79,3217.22,2298.01,1
D2,2,E. coli,7,,0,0,0,1.3,0,186.93,675.04,1334.09,0
A3,2,E. coli,7,,1,0,1,,,,,,1
B3,2,E. coli,7,,0,0,0,20.34,69.88,589.05,3797.51,4239.59,0
C3,2,E. coli,7,,0,0,0,12.37,191.25,557.69,1142.87,4084.58,0
D3,2,E. coli,7,,0,0,0,5.55,0,41.5,424.83,2273.77,0
A4,2,E. coli,7,,0,0,0,13.67,0,32.65,163.54,3503.78,0
B4,2,E. coli,7,,0,0,0,10.41,0,425.66,1728.85,1268.57,0
C4,2,E. coli,7,,0,0,0,20.61,0,139.68,1593,3162.34,0
D4,2,E. coli,7,,0,0,0,1.39,0,171.93,887.05,1684.77,0
A5,2,E. coli,7,,1,0,1,125.79,808.78,1023.82,11250,2943.66,1
B5,2,E. coli,7,,0,0,0,10.52,0,455.55,4943.71,4338.54,0
C5,2,E. coli,7,,0,0,0,3.55,0,20.41,265.32,1822.97,0
D5,2,E. coli,7,,1,0,1,,,,,,1
A6,2,E. coli,7,,0,0,0,2.68,0,58.64,430.41,2463.13,0
B6,2,E. coli,7,,0,0,0,29.63,221.56,232.82,4137.68,3716.06,0
C6,2,E. coli,7,,0,0,0,37.09,165.96,682.58,3091.87,8861.03,0
D6,2,E. coli,7,,0,0,0,9.51,0,468.83,1839.74,4498.98,0
1,3,PBS,7,,0,0,0,793.48,1073.62,9.97,1111.46,1807.79,0
2,3,PBS,7,,0,0,0,324.23,114.81,21.72,2647.77,346.22,0
3,3,PBS,7,,0,0,0,90.48,0,10.4,126.17,2185.05,0
4,3,PBS,7,,0,0,0,69.07,0,6.02,114.89,817.07,0
A1,1,E. coli,8,,0,0,0,5.56,0,347.95,876.52,3699.86,0
B1,1,E. coli,8,,0,0,0,8.94,0,610.06,3508.57,5766.99,0
C1,1,E. coli,8,,0,0,0,20.88,0,79.91,388.11,4760.41,0
D1,1,E. coli,8,,0,0,0,1.73,0,36.59,209.4,1023.04,0
A2,1,E. coli,8,,0,0,0,74.31,147.66,224.25,2399.02,9358.05,0
B2,1,E. coli,8,,0,0,0,4.67,0,457.98,1963.1,1693.63,0
C2,1,E. coli,8,,0,0,0,25.5,0,102.79,728.88,4763.99,0
D2,1,E. coli,8,,1,0,1,,,,,,1
A3,1,E. coli,8,,0,0,0,26.14,140.12,616.93,5596.19,5992.61,0
B3,1,E. coli,8,,0,0,0,16.52,0,275.55,1553.8,7164.05,0
C3,1,E. coli,8,,0,0,0,5.78,0,15.21,327.15,1609.35,0
D3,1,E. coli,8,,0,1,0,14.37,338.97,35.04,601.98,874.67,0
A4,1,E. coli,8,,1,0,1,,,,,,1
B4,1,E. coli,8,,0,0,0,5.11,0,177.08,1064.27,2014.28,0
C4,1,E. coli,8,,0,0,0,2.13,0,8.28,143,593.43,0
D4,1,E. coli,8,,0,0,0,179.03,678.66,32.27,1644.82,1667.49,0
A5,1,E. coli,8,,0,0,0,105.02,164.05,498.61,9607.62,7934.02,0
B5,1,E. coli,8,,0,0,0,3.27,0,132.71,1471.5,1324.34,0
C5,1,E. coli,8,,0,0,0,10.28,0,11.15,874.73,1525.52,0
D5,1,E. coli,8,,0,1,0,22.49,600.85,34.42,2641.31,1385.51,0
A6,1,E. coli,8,,0,0,0,7.28,2.26,311.63,1436.6,3362.36,0
B6,1,E. coli,8,,0,0,0,14.11,197.19,233.31,3776.44,3121.6,0
C6,1,E. coli,8,,0,0,0,2.13,0,46.05,189.28,787.19,0
D6,1,E. coli,8,,1,0,1,,,,,,1
A1,2,E. coli,8,,1,0,1,,,,,,1
B1,2,E. coli,8,,1,0,1,,,,,,1
C1,2,E. coli,8,,1,0,1,,,,,,1
D1,2,E. coli,8,,1,0,1,,,,,,1
A2,2,E. coli,8,,0,0,0,47.83,1110.51,1948.03,6122.23,10038.4,0
B2,2,E. coli,8,,0,0,0,3.37,0,332.33,723.49,1687.13,0
C2,2,E. coli,8,,1,0,1,,,,,,1
D2,2,E. coli,8,,0,1,0,1.53,0,201.4,1047.55,1169.94,0
A3,2,E. coli,8,,1,0,1,,,,,,1
B3,2,E. coli,8,,0,0,0,21.75,148.63,529.45,4141.85,3830.64,0
C3,2,E. coli,8,,0,0,0,21.9,89.09,1255.17,1997.74,3740.19,0
D3,2,E. coli,8,,0,1,0,2.64,0,57.41,398.41,1946.33,0
A4,2,E. coli,8,,0,0,0,18.88,0,37.52,332.86,2561.41,0
B4,2,E. coli,8,,0,0,0,12.42,0,689.72,1728.02,2116.65,0
C4,2,E. coli,8,,0,0,0,21.17,0,172.21,2075.11,3814.23,0
D4,2,E. coli,8,,0,0,0,9.66,0,264.27,3160.9,2206.59,0
A5,2,E. coli,8,,1,0,1,95.34,616.81,542.23,11250,2504.03,1
B5,2,E. coli,8,,0,0,0,22.49,37.34,347.31,5211.25,5946.08,0
C5,2,E. coli,8,,0,0,0,10.53,0,43.19,610.36,2998.83,0
D5,2,E. coli,8,,1,0,1,,,,,,1
A6,2,E. coli,8,,0,0,0,2.03,0,117.72,730.78,2375.27,0
B6,2,E. coli,8,,0,1,0,12.42,0,291.92,2923.54,4227.16,0
C6,2,E. coli,8,,0,0,0,53.93,69.21,1072.07,4119.2,7855,0
D6,2,E. coli,8,,0,0,0,10.03,0,529.43,2172.9,4702.7,0
1,3,PBS,8,,0,0,0,298.57,273.28,11.44,1159.82,1242,0
2,3,PBS,8,,0,0,0,220.76,0,27.7,1806.54,443.85,0
3,3,PBS,8,,0,0,0,123.95,34.61,15.8,254.32,2811.29,0
4,3,PBS,8,,0,0,0,88.23,0,10.86,257.06,1028.88,0
A1,1,E. coli,9,,0,0,0,5.14,0,827.55,1821.5,2807.76,0
B1,1,E. coli,9,,0,0,0,24.78,11.78,626.76,6286.79,3912.31,0
C1,1,E. coli,9,,0,0,0,46.04,8.02,145.62,517.65,4725.33,0
D1,1,E. coli,9,,0,0,0,0,0,42.35,168.96,782.5,0
A2,1,E. coli,9,,0,0,0,94.72,301.82,236.85,2170.35,10938.2,0
B2,1,E. coli,9,,0,0,0,1.71,0,561.56,2585.55,1310.98,0
C2,1,E. coli,9,,0,0,0,26.96,0,138.27,898.07,5236.41,0
D2,1,E. coli,9,,1,0,1,,,,,,1
A3,1,E. coli,9,,0,0,0,40.69,564.25,606.62,5599.91,6587.25,0
B3,1,E. coli,9,,0,0,0,19.56,36.05,258.77,1627.4,7444.85,0
C3,1,E. coli,9,,0,0,0,2.56,0,10.87,406.56,1145.92,0
D3,1,E. coli,9,,0,1,0,,,,,,0
A4,1,E. coli,9,,1,0,1,,,,,,1
B4,1,E. coli,9,,0,0,0,11.76,0,250.62,1928.34,2056.12,0
C4,1,E. coli,9,,0,0,0,0.59,0,2.86,77.31,317.04,0
D4,1,E. coli,9,,0,0,0,135.74,657.29,32.25,2961.93,2325.27,0
A5,1,E. coli,9,,0,0,0,99.35,226.47,363,11074.24,8804.23,0
B5,1,E. coli,9,,0,0,0,2.27,0,132.54,2052.19,1379.03,0
C5,1,E. coli,9,,0,0,0,4.27,0,16.77,827.76,1310.83,0
D5,1,E. coli,9,,0,1,0,,,,,,0
A6,1,E. coli,9,,0,0,0,11.92,0,443.53,1455.1,4502.35,0
B6,1,E. coli,9,,0,0,0,22.31,187.53,131.06,4056.7,3032.77,0
C6,1,E. coli,9,,0,0,0,0,0,103.25,196.58,629.81,0
D6,1,E. coli,9,,1,0,1,,,,,,1
A1,2,E. coli,9,,1,0,1,,,,,,1
B1,2,E. coli,9,,1,0,1,,,,,,1
C1,2,E. coli,9,,1,0,1,,,,,,1
D1,2,E. coli,9,,1,0,1,,,,,,1
A2,2,E. coli,9,,0,0,0,52.28,1521.17,2250,8311.87,13310.66,0
B2,2,E. coli,9,,0,0,0,2.41,0,210.32,289.3,1530.2,0
C2,2,E. coli,9,,1,0,1,,,,,,1
D2,2,E. coli,9,,0,1,0,,,,,,0
A3,2,E. coli,9,,1,0,1,,,,,,1
B3,2,E. coli,9,,0,0,0,22.66,116.17,503.12,4081.5,3980.01,0
C3,2,E. coli,9,,0,0,0,9.91,0,1516.59,1920.73,3223.56,0
D3,2,E. coli,9,,0,1,0,,,,,,0
A4,2,E. coli,9,,0,0,0,17.75,0,68.21,498.42,2956.81,0
B4,2,E. coli,9,,0,0,0,23.54,156.77,611.29,1666.84,2083.82,0
C4,2,E. coli,9,,0,0,0,40.4,15.37,209.74,2214.27,4555.15,0
D4,2,E. coli,9,,0,0,0,14.3,0,212.57,3296.57,1981.78,0
A5,2,E. coli,9,,1,0,1,,,,,,1
B5,2,E. coli,9,,0,0,0,43.14,95.22,538.38,4547.55,6310.78,0
C5,2,E. coli,9,,0,0,0,15.1,0,69.05,944.99,2617.26,0
D5,2,E. coli,9,,1,0,1,,,,,,1
A6,2,E. coli,9,,0,0,0,1.15,0,404.45,2029.3,2297.17,0
B6,2,E. coli,9,,0,1,0,,,,,,0
C6,2,E. coli,9,,0,0,0,97.65,198.78,946.74,4511.67,8226.83,0
D6,2,E. coli,9,,0,0,0,10.99,72.34,445.26,2080.51,5378.16,0
1,3,PBS,9,,0,0,0,626.21,667.16,18.27,1671.87,1568.41,0
2,3,PBS,9,,0,0,0,234.28,47.71,32.64,2246.95,454.69,0
3,3,PBS,9,,0,0,0,137.11,18.86,24.26,204,2711.99,0
4,3,PBS,9,,0,0,0,78.55,0,16.78,178.19,1158.03,0
A1,4,PBS,0,,,,0,,,,,,
A2,4,PBS,0,,,,0,,,,,,
A3,4,PBS,0,,,,0,,,,,,
A4,4,PBS,0,,,,0,,,,,,
A5,4,PBS,0,,,,0,,,,,,
A6,4,PBS,0,,,,0,,,,,,
B1,4,HK- E. coli ,0,,,,0,,,,,,
B2,4,HK- E. coli ,0,,,,0,,,,,,
B3,4,HK- E. coli ,0,,,,0,,,,,,
B4,4,HK- E. coli ,0,,,,0,,,,,,
B5,4,HK- E. coli ,0,,,,0,,,,,,
B6,4,HK- E. coli ,0,,,,0,,,,,,
C1,4,HK- E. coli ,0,,,,0,,,,,,
C2,4,HK- E. coli ,0,,,,0,,,,,,
C3,4,HK- E. coli ,0,,,,0,,,,,,
C4,4,HK- E. coli ,0,,,,0,,,,,,
C5,4,HK- E. coli ,0,,,,0,,,,,,
C6,4,HK- E. coli ,0,,,,0,,,,,,
D1,4,E. coli + vehicle,0,,,,0,,,,,,
D2,4,E. coli + vehicle,0,,,,0,,,,,,
D3,4,E. coli + vehicle,0,,,,0,,,,,,
D4,4,E. coli + vehicle,0,,,,0,,,,,,
D5,4,E. coli + vehicle,0,,,,0,,,,,,
D6,4,E. coli + vehicle,0,,,,0,,,,,,
A1,5,E. coli + SC-514,0,,,,0,,,,,,
A2,5,E. coli + SC-514,0,,,,0,,,,,,
A3,5,E. coli + SC-514,0,,,,0,,,,,,
A4,5,E. coli + SC-514,0,,,,0,,,,,,
A5,5,E. coli + SC-514,0,,,,0,,,,,,
A6,5,E. coli + SC-514,0,,,,0,,,,,,
B1,5,E. coli + SC-514,0,,,,0,,,,,,
B2,5,E. coli + SC-514,0,,,,0,,,,,,
B3,5,E. coli + SC-514,0,,,,0,,,,,,
B4,5,E. coli + SC-514,0,,,,0,,,,,,
B5,5,E. coli + SC-514,0,,,,0,,,,,,
B6,5,E. coli + SC-514,0,,,,0,,,,,,
C1,5,E. coli + SC-514,0,,,,0,,,,,,
C2,5,E. coli + SC-514,0,,,,0,,,,,,
C3,5,E. coli + SC-514,0,,,,0,,,,,,
C4,5,E. coli + SC-514,0,,,,0,,,,,,
C5,5,E. coli + SC-514,0,,,,0,,,,,,
C6,5,E. coli + SC-514,0,,,,0,,,,,,
D1,5,E. coli + SC-514,0,,,,0,,,,,,
D2,5,E. coli + SC-514,0,,,,0,,,,,,
D3,5,E. coli + SC-514,0,,,,0,,,,,,
D4,5,E. coli + SC-514,0,,,,0,,,,,,
D5,5,E. coli + SC-514,0,,,,0,,,,,,
D6,5,E. coli + SC-514,0,,,,0,,,,,,
A1,4,PBS,1,,,,0,,374,,,,
A2,4,PBS,1,,,,0,,277,,,,
A3,4,PBS,1,,,,0,,172,,,,
A4,4,PBS,1,,,,0,,335,,,,
A5,4,PBS,1,,,,0,,252,,,,
A6,4,PBS,1,,,,0,,354,,,,
B1,4,HK- E. coli ,1,,,,0,,295,,,,
B2,4,HK- E. coli ,1,,,,0,,378,,,,
B3,4,HK- E. coli ,1,,,,0,,323,,,,
B4,4,HK- E. coli ,1,,,,0,,285,,,,
B5,4,HK- E. coli ,1,,,,0,,274,,,,
B6,4,HK- E. coli ,1,,,,0,,219,,,,
C1,4,HK- E. coli ,1,,,,0,,438,,,,
C2,4,HK- E. coli ,1,,,,0,,433,,,,
C3,4,HK- E. coli ,1,,,,0,,676,,,,
C4,4,HK- E. coli ,1,,,,0,,257,,,,
C5,4,HK- E. coli ,1,,,,0,,326,,,,
C6,4,HK- E. coli ,1,,,,0,,692,,,,
D1,4,E. coli + vehicle,1,,,,0,,308,,,,
D2,4,E. coli + vehicle,1,,,,0,,263,,,,
D3,4,E. coli + vehicle,1,,,,0,,310,,,,
D4,4,E. coli + vehicle,1,,,,0,,364,,,,
D5,4,E. coli + vehicle,1,,,,0,,204,,,,
D6,4,E. coli + vehicle,1,,,,0,,325,,,,
A1,5,E. coli + SC-514,1,,,,0,,420,,,,
A2,5,E. coli + SC-514,1,,,,0,,406,,,,
A3,5,E. coli + SC-514,1,,,,0,,153,,,,
A4,5,E. coli + SC-514,1,,,,0,,231,,,,
A5,5,E. coli + SC-514,1,,,,0,,201,,,,
A6,5,E. coli + SC-514,1,,,,0,,230,,,,
B1,5,E. coli + SC-514,1,,,,0,,290,,,,
B2,5,E. coli + SC-514,1,,,,0,,126,,,,
B3,5,E. coli + SC-514,1,,,,0,,460,,,,
B4,5,E. coli + SC-514,1,,,,0,,494,,,,
B5,5,E. coli + SC-514,1,,,,0,,283,,,,
B6,5,E. coli + SC-514,1,,,,0,,326,,,,
C1,5,E. coli + SC-514,1,,,,0,,388,,,,
C2,5,E. coli + SC-514,1,,,,0,,392,,,,
C3,5,E. coli + SC-514,1,,,,0,,339,,,,
C4,5,E. coli + SC-514,1,,,,0,,202,,,,
C5,5,E. coli + SC-514,1,,,,0,,271,,,,
C6,5,E. coli + SC-514,1,,,,0,,202,,,,
D1,5,E. coli + SC-514,1,,,,0,,195,,,,
D2,5,E. coli + SC-514,1,,,,0,,70,,,,
D3,5,E. coli + SC-514,1,,,,0,,329,,,,
D4,5,E. coli + SC-514,1,,,,0,,300,,,,
D5,5,E. coli + SC-514,1,,,,0,,196,,,,
D6,5,E. coli + SC-514,1,,,,0,,217,,,,
A1,4,PBS,2,,,,0,,,,,,
A2,4,PBS,2,,,,0,,,,,,
A3,4,PBS,2,,,,0,,,,,,
A4,4,PBS,2,,,,0,,,,,,
A5,4,PBS,2,,,,0,,,,,,
A6,4,PBS,2,,,,0,,,,,,
B1,4,HK- E. coli ,2,,,,0,,,,,,
B2,4,HK- E. coli ,2,,,,0,,,,,,
B3,4,HK- E. coli ,2,,,,0,,,,,,
B4,4,HK- E. coli ,2,,,,0,,,,,,
B5,4,HK- E. coli ,2,,,,0,,,,,,
B6,4,HK- E. coli ,2,,,,0,,,,,,
C1,4,HK- E. coli ,2,,,,0,,,,,,
C2,4,HK- E. coli ,2,,,,0,,,,,,
C3,4,HK- E. coli ,2,,,,0,,,,,,
C4,4,HK- E. coli ,2,,,,0,,,,,,
C5,4,HK- E. coli ,2,,,,0,,,,,,
C6,4,HK- E. coli ,2,,,,0,,,,,,
D1,4,E. coli + vehicle,2,,,,0,,,,,,
D2,4,E. coli + vehicle,2,,,,0,,,,,,
D3,4,E. coli + vehicle,2,,,,0,,,,,,
D4,4,E. coli + vehicle,2,,,,0,,,,,,
D5,4,E. coli + vehicle,2,,,,0,,,,,,
D6,4,E. coli + vehicle,2,,,,0,,,,,,
A1,5,E. coli + SC-514,2,,,,0,,,,,,
A2,5,E. coli + SC-514,2,,,,0,,,,,,
A3,5,E. coli + SC-514,2,,,,0,,,,,,
A4,5,E. coli + SC-514,2,,,,0,,,,,,
A5,5,E. coli + SC-514,2,,,,0,,,,,,
A6,5,E. coli + SC-514,2,,,,0,,,,,,
B1,5,E. coli + SC-514,2,,,,0,,,,,,
B2,5,E. coli + SC-514,2,,,,0,,,,,,
B3,5,E. coli + SC-514,2,,,,0,,,,,,
B4,5,E. coli + SC-514,2,,,,0,,,,,,
B5,5,E. coli + SC-514,2,,,,0,,,,,,
B6,5,E. coli + SC-514,2,,,,0,,,,,,
C1,5,E. coli + SC-514,2,,,,0,,,,,,
C2,5,E. coli + SC-514,2,,,,0,,,,,,
C3,5,E. coli + SC-514,2,,,,0,,,,,,
C4,5,E. coli + SC-514,2,,,,0,,,,,,
C5,5,E. coli + SC-514,2,,,,0,,,,,,
C6,5,E. coli + SC-514,2,,,,0,,,,,,
D1,5,E. coli + SC-514,2,,,,0,,,,,,
D2,5,E. coli + SC-514,2,,,,0,,,,,,
D3,5,E. coli + SC-514,2,,,,1,,,,,,
D4,5,E. coli + SC-514,2,,,,1,,,,,,
D5,5,E. coli + SC-514,2,,,,1,,,,,,
D6,5,E. coli + SC-514,2,,,,1,,,,,,
A1,4,PBS,3,,,,0,,,,,,
A2,4,PBS,3,,,,0,,,,,,
A3,4,PBS,3,,,,0,,,,,,
A4,4,PBS,3,,,,0,,,,,,
A5,4,PBS,3,,,,0,,,,,,
A6,4,PBS,3,,,,0,,,,,,
B1,4,HK- E. coli ,3,,,,0,,,,,,
B2,4,HK- E. coli ,3,,,,0,,,,,,
B3,4,HK- E. coli ,3,,,,0,,,,,,
B4,4,HK- E. coli ,3,,,,0,,,,,,
B5,4,HK- E. coli ,3,,,,0,,,,,,
B6,4,HK- E. coli ,3,,,,0,,,,,,
C1,4,HK- E. coli ,3,,,,0,,,,,,
C2,4,HK- E. coli ,3,,,,0,,,,,,
C3,4,HK- E. coli ,3,,,,0,,,,,,
C4,4,HK- E. coli ,3,,,,0,,,,,,
C5,4,HK- E. coli ,3,,,,0,,,,,,
C6,4,HK- E. coli ,3,,,,0,,,,,,
D1,4,E. coli + vehicle,3,,,,0,,,,,,
D2,4,E. coli + vehicle,3,,,,0,,,,,,
D3,4,E. coli + vehicle,3,,,,0,,,,,,
D4,4,E. coli + vehicle,3,,,,0,,,,,,
D5,4,E. coli + vehicle,3,,,,0,,,,,,
D6,4,E. coli + vehicle,3,,,,0,,,,,,
A1,5,E. coli + SC-514,3,,,,0,,,,,,
A2,5,E. coli + SC-514,3,,,,0,,,,,,
A3,5,E. coli + SC-514,3,,,,0,,,,,,
A4,5,E. coli + SC-514,3,,,,0,,,,,,
A5,5,E. coli + SC-514,3,,,,0,,,,,,
A6,5,E. coli + SC-514,3,,,,0,,,,,,
B1,5,E. coli + SC-514,3,,,,1,,,,,,
B2,5,E. coli + SC-514,3,,,,1,,,,,,
B3,5,E. coli + SC-514,3,,,,1,,,,,,
B4,5,E. coli + SC-514,3,,,,1,,,,,,
B5,5,E. coli + SC-514,3,,,,1,,,,,,
B6,5,E. coli + SC-514,3,,,,1,,,,,,
C1,5,E. coli + SC-514,3,,,,1,,,,,,
C2,5,E. coli + SC-514,3,,,,1,,,,,,
C3,5,E. coli + SC-514,3,,,,1,,,,,,
C4,5,E. coli + SC-514,3,,,,1,,,,,,
C5,5,E. coli + SC-514,3,,,,1,,,,,,
C6,5,E. coli + SC-514,3,,,,1,,,,,,
D1,5,E. coli + SC-514,3,,,,1,,,,,,
D2,5,E. coli + SC-514,3,,,,0,,,,,,
D3,5,E. coli + SC-514,3,,,,1,,,,,,
D4,5,E. coli + SC-514,3,,,,1,,,,,,
D5,5,E. coli + SC-514,3,,,,1,,,,,,
D6,5,E. coli + SC-514,3,,,,1,,,,,,
A1,4,PBS,4,,,,0,,,,,,
A2,4,PBS,4,,,,0,,,,,,
A3,4,PBS,4,,,,0,,,,,,
A4,4,PBS,4,,,,0,,,,,,
A5,4,PBS,4,,,,0,,,,,,
A6,4,PBS,4,,,,0,,,,,,
B1,4,HK- E. coli ,4,,,,0,,,,,,
B2,4,HK- E. coli ,4,,,,0,,,,,,
B3,4,HK- E. coli ,4,,,,0,,,,,,
B4,4,HK- E. coli ,4,,,,0,,,,,,
B5,4,HK- E. coli ,4,,,,0,,,,,,
B6,4,HK- E. coli ,4,,,,0,,,,,,
C1,4,HK- E. coli ,4,,,,0,,,,,,
C2,4,HK- E. coli ,4,,,,0,,,,,,
C3,4,HK- E. coli ,4,,,,0,,,,,,
C4,4,HK- E. coli ,4,,,,0,,,,,,
C5,4,HK- E. coli ,4,,,,0,,,,,,
C6,4,HK- E. coli ,4,,,,0,,,,,,
D1,4,E. coli + vehicle,4,,,,0,,,,,,
D2,4,E. coli + vehicle,4,,,,0,,,,,,
D3,4,E. coli + vehicle,4,,,,0,,,,,,
D4,4,E. coli + vehicle,4,,,,0,,,,,,
D5,4,E. coli + vehicle,4,,,,0,,,,,,
D6,4,E. coli + vehicle,4,,,,0,,,,,,
A1,5,E. coli + SC-514,4,,,,0,,,,,,
A2,5,E. coli + SC-514,4,,,,0,,,,,,
A3,5,E. coli + SC-514,4,,,,1,,,,,,
A4,5,E. coli + SC-514,4,,,,1,,,,,,
A5,5,E. coli + SC-514,4,,,,0,,,,,,
A6,5,E. coli + SC-514,4,,,,0,,,,,,
B1,5,E. coli + SC-514,4,,,,1,,,,,,
B2,5,E. coli + SC-514,4,,,,1,,,,,,
B3,5,E. coli + SC-514,4,,,,1,,,,,,
B4,5,E. coli + SC-514,4,,,,1,,,,,,
B5,5,E. coli + SC-514,4,,,,1,,,,,,
B6,5,E. coli + SC-514,4,,,,1,,,,,,
C1,5,E. coli + SC-514,4,,,,1,,,,,,
C2,5,E. coli + SC-514,4,,,,1,,,,,,
C3,5,E. coli + SC-514,4,,,,1,,,,,,
C4,5,E. coli + SC-514,4,,,,1,,,,,,
C5,5,E. coli + SC-514,4,,,,1,,,,,,
C6,5,E. coli + SC-514,4,,,,1,,,,,,
D1,5,E. coli + SC-514,4,,,,1,,,,,,
D2,5,E. coli + SC-514,4,,,,1,,,,,,
D3,5,E. coli + SC-514,4,,,,1,,,,,,
D4,5,E. coli + SC-514,4,,,,1,,,,,,
D5,5,E. coli + SC-514,4,,,,1,,,,,,
D6,5,E. coli + SC-514,4,,,,1,,,,,,
A1,4,PBS,5,,,,0,,,,,,
A2,4,PBS,5,,,,0,,,,,,
A3,4,PBS,5,,,,0,,,,,,
A4,4,PBS,5,,,,0,,,,,,
A5,4,PBS,5,,,,0,,,,,,
A6,4,PBS,5,,,,0,,,,,,
B1,4,HK- E. coli ,5,,,,0,,,,,,
B2,4,HK- E. coli ,5,,,,0,,,,,,
B3,4,HK- E. coli ,5,,,,0,,,,,,
B4,4,HK- E. coli ,5,,,,0,,,,,,
B5,4,HK- E. coli ,5,,,,0,,,,,,
B6,4,HK- E. coli ,5,,,,0,,,,,,
C1,4,HK- E. coli ,5,,,,0,,,,,,
C2,4,HK- E. coli ,5,,,,0,,,,,,
C3,4,HK- E. coli ,5,,,,0,,,,,,
C4,4,HK- E. coli ,5,,,,0,,,,,,
C5,4,HK- E. coli ,5,,,,0,,,,,,
C6,4,HK- E. coli ,5,,,,0,,,,,,
D1,4,E. coli + vehicle,5,,,,0,,,,,,
D2,4,E. coli + vehicle,5,,,,0,,,,,,
D3,4,E. coli + vehicle,5,,,,0,,,,,,
D4,4,E. coli + vehicle,5,,,,1,,,,,,
D5,4,E. coli + vehicle,5,,,,0,,,,,,
D6,4,E. coli + vehicle,5,,,,0,,,,,,
A1,5,E. coli + SC-514,5,,,,0,,,,,,
A2,5,E. coli + SC-514,5,,,,1,,,,,,
A3,5,E. coli + SC-514,5,,,,1,,,,,,
A4,5,E. coli + SC-514,5,,,,1,,,,,,
A5,5,E. coli + SC-514,5,,,,0,,,,,,
A6,5,E. coli + SC-514,5,,,,0,,,,,,
B1,5,E. coli + SC-514,5,,,,1,,,,,,
B2,5,E. coli + SC-514,5,,,,1,,,,,,
B3,5,E. coli + SC-514,5,,,,1,,,,,,
B4,5,E. coli + SC-514,5,,,,1,,,,,,
B5,5,E. coli + SC-514,5,,,,1,,,,,,
B6,5,E. coli + SC-514,5,,,,1,,,,,,
C1,5,E. coli + SC-514,5,,,,1,,,,,,
C2,5,E. coli + SC-514,5,,,,1,,,,,,
C3,5,E. coli + SC-514,5,,,,1,,,,,,
C4,5,E. coli + SC-514,5,,,,1,,,,,,
C5,5,E. coli + SC-514,5,,,,1,,,,,,
C6,5,E. coli + SC-514,5,,,,1,,,,,,
D1,5,E. coli + SC-514,5,,,,1,,,,,,
D2,5,E. coli + SC-514,5,,,,1,,,,,,
D3,5,E. coli + SC-514,5,,,,1,,,,,,
D4,5,E. coli + SC-514,5,,,,1,,,,,,
D5,5,E. coli + SC-514,5,,,,1,,,,,,
D6,5,E. coli + SC-514,5,,,,1,,,,,,
A1,4,PBS,6,,,,0,,,,,,
A2,4,PBS,6,,,,0,,,,,,
A3,4,PBS,6,,,,0,,,,,,
A4,4,PBS,6,,,,0,,,,,,
A5,4,PBS,6,,,,0,,,,,,
A6,4,PBS,6,,,,0,,,,,,
B1,4,HK- E. coli ,6,,,,0,,,,,,
B2,4,HK- E. coli ,6,,,,0,,,,,,
B3,4,HK- E. coli ,6,,,,0,,,,,,
B4,4,HK- E. coli ,6,,,,0,,,,,,
B5,4,HK- E. coli ,6,,,,0,,,,,,
B6,4,HK- E. coli ,6,,,,0,,,,,,
C1,4,HK- E. coli ,6,,,,0,,,,,,
C2,4,HK- E. coli ,6,,,,0,,,,,,
C3,4,HK- E. coli ,6,,,,0,,,,,,
C4,4,HK- E. coli ,6,,,,0,,,,,,
C5,4,HK- E. coli ,6,,,,0,,,,,,
C6,4,HK- E. coli ,6,,,,0,,,,,,
D1,4,E. coli + vehicle,6,,,,1,,,,,,
D2,4,E. coli + vehicle,6,,,,0,,,,,,
D3,4,E. coli + vehicle,6,,,,0,,,,,,
D4,4,E. coli + vehicle,6,,,,1,,,,,,
D5,4,E. coli + vehicle,6,,,,0,,,,,,
D6,4,E. coli + vehicle,6,,,,0,,,,,,
A1,5,E. coli + SC-514,6,,,,0,,,,,,
A2,5,E. coli + SC-514,6,,,,1,,,,,,
A3,5,E. coli + SC-514,6,,,,1,,,,,,
A4,5,E. coli + SC-514,6,,,,1,,,,,,
A5,5,E. coli + SC-514,6,,,,0,,,,,,
A6,5,E. coli + SC-514,6,,,,0,,,,,,
B1,5,E. coli + SC-514,6,,,,1,,,,,,
B2,5,E. coli + SC-514,6,,,,1,,,,,,
B3,5,E. coli + SC-514,6,,,,1,,,,,,
B4,5,E. coli + SC-514,6,,,,1,,,,,,
B5,5,E. coli + SC-514,6,,,,1,,,,,,
B6,5,E. coli + SC-514,6,,,,1,,,,,,
C1,5,E. coli + SC-514,6,,,,1,,,,,,
C2,5,E. coli + SC-514,6,,,,1,,,,,,
C3,5,E. coli + SC-514,6,,,,1,,,,,,
C4,5,E. coli + SC-514,6,,,,1,,,,,,
C5,5,E. coli + SC-514,6,,,,1,,,,,,
C6,5,E. coli + SC-514,6,,,,1,,,,,,
D1,5,E. coli + SC-514,6,,,,1,,,,,,
D2,5,E. coli + SC-514,6,,,,1,,,,,,
D3,5,E. coli + SC-514,6,,,,1,,,,,,
D4,5,E. coli + SC-514,6,,,,1,,,,,,
D5,5,E. coli + SC-514,6,,,,1,,,,,,
D6,5,E. coli + SC-514,6,,,,1,,,,,,
A1,4,PBS,7,,,,0,,,,,,
A2,4,PBS,7,,,,0,,,,,,
A3,4,PBS,7,,,,0,,,,,,
A4,4,PBS,7,,,,0,,,,,,
A5,4,PBS,7,,,,0,,,,,,
A6,4,PBS,7,,,,0,,,,,,
B1,4,HK- E. coli ,7,,,,0,,,,,,
B2,4,HK- E. coli ,7,,,,0,,,,,,
B3,4,HK- E. coli ,7,,,,0,,,,,,
B4,4,HK- E. coli ,7,,,,0,,,,,,
B5,4,HK- E. coli ,7,,,,0,,,,,,
B6,4,HK- E. coli ,7,,,,0,,,,,,
C1,4,HK- E. coli ,7,,,,0,,,,,,
C2,4,HK- E. coli ,7,,,,0,,,,,,
C3,4,HK- E. coli ,7,,,,0,,,,,,
C4,4,HK- E. coli ,7,,,,0,,,,,,
C5,4,HK- E. coli ,7,,,,0,,,,,,
C6,4,HK- E. coli ,7,,,,0,,,,,,
D1,4,E. coli + vehicle,7,,,,1,,,,,,
D2,4,E. coli + vehicle,7,,,,0,,,,,,
D3,4,E. coli + vehicle,7,,,,0,,,,,,
D4,4,E. coli + vehicle,7,,,,1,,,,,,
D5,4,E. coli + vehicle,7,,,,0,,,,,,
D6,4,E. coli + vehicle,7,,,,0,,,,,,
A1,5,E. coli + SC-514,7,,,,0,,,,,,
A2,5,E. coli + SC-514,7,,,,1,,,,,,
A3,5,E. coli + SC-514,7,,,,1,,,,,,
A4,5,E. coli + SC-514,7,,,,1,,,,,,
A5,5,E. coli + SC-514,7,,,,1,,,,,,
A6,5,E. coli + SC-514,7,,,,1,,,,,,
B1,5,E. coli + SC-514,7,,,,1,,,,,,
B2,5,E. coli + SC-514,7,,,,1,,,,,,
B3,5,E. coli + SC-514,7,,,,1,,,,,,
B4,5,E. coli + SC-514,7,,,,1,,,,,,
B5,5,E. coli + SC-514,7,,,,1,,,,,,
B6,5,E. coli + SC-514,7,,,,1,,,,,,
C1,5,E. coli + SC-514,7,,,,1,,,,,,
C2,5,E. coli + SC-514,7,,,,1,,,,,,
C3,5,E. coli + SC-514,7,,,,1,,,,,,
C4,5,E. coli + SC-514,7,,,,1,,,,,,
C5,5,E. coli + SC-514,7,,,,1,,,,,,
C6,5,E. coli + SC-514,7,,,,1,,,,,,
D1,5,E. coli + SC-514,7,,,,1,,,,,,
D2,5,E. coli + SC-514,7,,,,1,,,,,,
D3,5,E. coli + SC-514,7,,,,1,,,,,,
D4,5,E. coli + SC-514,7,,,,1,,,,,,
D5,5,E. coli + SC-514,7,,,,1,,,,,,
D6,5,E. coli + SC-514,7,,,,1,,,,,,
,,PBS,1,,,,,,593,,,,
,,PBS,1,,,,,,153,,,,
,,PBS,1,,,,,,19,,,,
,,HK- E. coli ,1,,,,,,901,,,,
,,HK- E. coli ,1,,,,,,371,,,,
,,HK- E. coli ,1,,,,,,768,,,,
,,E. coli + SC-514,1,,,,,,695,,,,
,,E. coli + SC-514,1,,,,,,347,,,,
,,E. coli + SC-514,1,,,,,,181,,,,
,,hypoxia,1,,,,,,0,,,,
,,hypoxia,1,,,,,,0,,,,
,,hypoxia,1,,,,,,0,,,,
,,hypoxia,1,,,,,,511,,,,
,,hypoxia,1,,,,,,785,,,,
,,hypoxia,1,,,,,,0,,,,
,,hypoxia,1,,,,,,259,,,,
,,hypoxia,1,,,,,,522,,,,
,,hypoxia,1,,,,,,235,,,,
,,hypoxia,1,,,,,,0,,,,
,,hypoxia,1,,,,,,435,,,,
,,hypoxia,1,,,,,,1781,,,,
,,hypoxia,1,,,,,,103,,,,
,,hypoxia,1,,,,,,34,,,,
,,hypoxia,1,,,,,,148,,,,
,,HK- E. coli ,1,,,,,,178,,,,
,,HK- E. coli ,1,,,,,,239,,,,
,,HK- E. coli ,1,,,,,,317,,,,
,,HK- E. coli ,1,,,,,,151,,,,
,,HK- E. coli ,1,,,,,,175,,,,
,,HK- E. coli ,1,,,,,,201,,,,
,,HK- E. coli ,1,,,,,,51,,,,
,,PBS,1,,,,,,167,,,,
,,PBS,1,,,,,,61,,,,
,,PBS,1,,,,,,87,,,,
,,PBS,1,,,,,,123,,,,
,,E. coli,1,,,,,,360,,,,
,,E. coli,1,,,,,,345,,,,
,,E. coli,1,,,,,,110,,,,
,,E. coli,1,,,,,,390,,,,
